SupplierID,DemanderID,SupplyAmount
16,61,178783
1,59,129885
23,56,212231
24,78,5172924
24,53,7656043
19,53,263167
2,81,159173
4,59,2739378
4,85,925730
4,73,409736
3,40,2716562
5,66,2681959
5,26,1800369
7,45,127452
7,26,1986762
7,88,114353
7,37,497268
7,29,201931
7,62,306182
7,39,119569
7,58,58689
7,86,307894
7,27,201617
7,48,320
18,53,1127373
9,79,190159
14,31,747054
17,77,169785
21,31,848925
0,53,1697851
11,67,1130344
11,75,1586218
25,53,43295
13,66,195252
12,78,882882
22,73,1018711
20,35,1557094
20,40,7102987
20,83,1950782
20,29,201931
20,70,325113
15,68,1263201
10,73,254677
8,56,337602
8,32,97373
8,92,181254
8,54,140216
8,44,312681
8,28,1250098
8,63,56891
8,61,1698729
6,64,128194
6,86,307894
6,48,99913
6,57,103523
6,58,58689
6,37,497268
6,87,156740
6,61,1853323
